ranking,distro,hits_per_day,month_range
1,CachyOS,3230,12
2,Mint,2778,12
3,MX Linux,1914,12
4,Debian,1564,12
5,EndeavourOS,1558,12
6,Pop!_OS,1288,12
7,Manjaro,1122,12
8,Ubuntu,1070,12
9,Fedora,1023,12
10,Zorin,882,12
11,openSUSE,792,12
12,Nobara,693,12
13,elementary,614,12
14,AnduinOS,587,12
15,NixOS,524,12
16,KDE neon,522,12
17,Bluestar,485,12
18,antiX,480,12
19,TUXEDO,480,12
20,Garuda,439,12
21,Kali,417,12
22,AlmaLinux,405,12
23,FreeBSD,397,12
24,SparkyLinux,391,12
25,Q4OS,386,12
26,BigLinux,350,12
27,EasyOS,347,12
28,Solus,338,12
29,CentOS,332,12
30,Alpine,331,12
31,Puppy,331,12
32,Lite,319,12
33,Tails,314,12
34,Kubuntu,298,12
35,Voyager,295,12
36,PCLinuxOS,293,12
37,Arch,287,12
38,Linuxfx,284,12
39,OpenMandriva,279,12
40,deepin,257,12
41,Devuan,240,12
42,Slackware,240,12
43,ALT,239,12
44,Lubuntu,239,12
45,Rocky,235,12
46,Parrot,226,12
47,Vanilla,223,12
48,Ultimate,219,12
49,Peppermint,217,12
50,PorteuX,216,12
51,Red Hat,214,12
52,Xubuntu,213,12
53,Calculate,207,12
54,GhostBSD,204,12
55,Bazzite,200,12
56,Gentoo,200,12
57,PikaOS,198,12
58,FunOS,197,12
59,Mageia,195,12
60,Artix,193,12
61,Archcraft,192,12
62,blendOS,192,12
63,ReactOS,192,12
64,DragonOS,191,12
65,KaOS,190,12
66,GreenBANG,188,12
67,Kodachi,188,12
68,AV Linux,187,12
69,Bodhi,186,12
70,Commodore,184,12
71,MakuluLinux,179,12
72,4MLinux,178,12
73,Gnoppix,178,12
74,Void,176,12
75,Rhino,173,12
76,Qubes,171,12
77,Nitrux,169,12
78,wattOS,167,12
79,Tiny Core,165,12
80,Chimera,164,12
81,Mabox,160,12
82,MiniOS,159,12
83,RebornOS,159,12
84,Regata,159,12
85,Proxmox,158,12
86,Ultramarine,158,12
87,SDesk,156,12
88,Feren,154,12
89,Murena,150,12
90,TrueNAS,150,12
91,Ubuntu Studio,149,12
92,OpenBSD,148,12
93,Oracle,147,12
94,Haiku,142,12
95,Porteus,141,12
96,Emmabuntüs,140,12
97,Ubuntu MATE,140,12
98,Dr.Parted,138,12
99,Exton,136,12
100,siduction,132,12
101,Endless,131,12
102,Damn Small,126,12
103,BunsenLabs,125,12
104,AUSTRUMI,122,12
105,Br OS,117,12
106,MODICIA,117,12
107,MocaccinoOS,110,12
108,AerynOS,109,12
109,AxOS,107,12
110,SpiralLinux,101,12
111,openmamba,100,12
112,ExTiX,99,12
113,SmartOS,99,12
114,openKylin,98,12
115,Archman,96,12
116,RasPiOS,96,12
117,DragonFly,95,12
118,LastOSLinux,94,12
119,Ufficio Zero,94,12
120,Redox,92,12
121,RELIANOID,92,12
122,MagOS,89,12
123,Cyrethium,87,12
124,Neptune,87,12
125,Athena,86,12
126,Ubuntu Cinnamon,85,12
127,Wifislax,85,12
128,postmarketOS,84,12
129,SystemRescue,84,12
130,Armbian,81,12
131,Omarchy,81,12
132,Clonezilla,80,12
133,Ubuntu Budgie,79,12
134,Kumander,78,12
135,GParted,77,12
136,ROSA,77,12
137,Whonix,77,12
138,Netrunner,74,12
139,T2 Linux,74,12
140,FydeOS,73,12
141,IPFire,73,12
142,Pardus,73,12
143,CRUX,72,12
144,SUSE,72,12
145,Zenwalk,72,12
146,Besgnulinux,71,12
147,KDE Linux,71,12
148,LFS,71,12
149,SliTaz,71,12
150,BackBox,70,12
151,Debian Edu,70,12
152,Grml,69,12
153,Volumio,69,12
154,Elive,68,12
155,Expirion,68,12
156,DietPi,67,12
157,Ubuntu Unity,67,12
158,Univention,67,12
159,Rescuezilla,66,12
160,SysLinuxOS,65,12
161,Berry,64,12
162,BSDRP,64,12
163,GLF,64,12
164,GNOME OS,64,12
165,GXDE,64,12
166,MidnightBSD,64,12
167,Trisquel,64,12
168,Ubuntu Kylin,64,12
169,Venom,64,12
170,OpenIndiana,63,12
171,OPNsense,63,12
172,MIRACLE,62,12
173,Obarun,62,12
174,openEuler,62,12
175,Pisi,62,12
176,Runtu,62,12
177,Ditana,61,12
178,NuTyX,61,12
179,Plop,61,12
180,Zephix,61,12
181,RefreshOS,60,12
182,UBports,60,12
183,WM Live,60,12
184,Edubuntu,59,12
185,KolibriOS,59,12
186,NetBSD,59,12
187,NethSecurity,59,12
188,Slackel,59,12
189,LibreELEC,58,12
190,Lingmo,58,12
191,Batocera,57,12
192,NomadBSD,57,12
193,DynFi,56,12
194,Gnuinos,56,12
195,Mauna,56,12
196,Parted Magic,56,12
197,Security Onion,56,12
198,Exe,55,12
199,FreedomBox,55,12
200,Guix System,55,12
201,Liya,55,12
202,Snal,55,12
203,ZimaOS,53,12
204,Daphile,52,12
205,GoboLinux,52,12
206,Redcore,52,12
207,HeliumOS,51,12
208,Oreon,51,12
209,Plamo,51,12
210,Refracta,51,12
211,Finnix,50,12
212,iDeal,50,12
213,Accessible-Coconut,49,12
214,BlueOnyx,49,12
215,OpenMediaVault,49,12
216,Parabola,49,12
217,Peropesis,49,12
218,Asmi,48,12
219,GrapheneOS,48,12
220,NethServer,48,12
221,PakOS,48,12
222,Slint,48,12
223,Crunchbangplusplus,47,12
224,extrox,46,12
225,TROMjaro,46,12
226,3CX,45,12
227,Robolinux,45,12
228,Solaris,45,12
229,StormOS,45,12
230,XigmaNAS,45,12
231,SME Server,44,12
232,Bedrock,43,12
233,CAINE,43,12
234,HackerOS,43,12
235,Kicksecure,43,12
236,Live Raizo,43,12
237,MAX,43,12
238,Nyarch,43,12
239,Ubuntu Pack,43,12
240,Lakka,42,12
241,LinuxConsole,42,12
242,LinuxHub,42,12
243,Soplos,42,12
244,Clear NDR,41,12
245,KANOTIX,41,12
246,NST,41,12
247,Pentoo,41,12
248,SolydXK,41,12
249,Vine,41,12
250,YunoHost,41,12
251,Kiro,40,12
252,pfSense,40,12
253,Pearl,39,12
254,XIVA Studio,39,12
255,ChromeOS,38,12
256,HardenedBSD,38,12
257,Hyperbola,38,12
258,iodéOS,38,12
259,Mobian,38,12
260,PelicanHPC,38,12
261,Fatdog64,37,12
262,FuguIta,37,12
263,Kamarada,37,12
264,Porteus Kiosk,37,12
265,Aurora,36,12
266,Exherbo,36,12
267,Loc-OS,36,12
268,Rockstor,36,12
269,spirit OS,36,12
270,Vinari,36,12
271,Canaima,35,12
272,Melawy,35,12
273,RebeccaBlackOS,35,12
274,Smoothwall,35,12
275,CROWZ,34,12
276,OSMC,34,12
277,PLD,34,12
278,Sculpt,34,12
279,Thinstation,34,12
280,HamoniKR,33,12
281,HydraPWK,33,12
282,paldo,33,12
283,RED OS,33,12
284,RISC,33,12
285,Secure-K,33,12
286,Shanios,33,12
287,Shebang,33,12
288,VyOS,33,12
289,Dynebolic,32,12
290,Super Grub2,32,12
291,Talos,32,12
292,Zenned,32,12
293,Arkane,31,12
294,LliureX,31,12
295,Recalbox,31,12
296,rlxos,31,12
297,Xray_OS,31,12
298,DAT,30,12
299,mAid,30,12
300,Skudonet,30,12
301,XeroLinux,30,12
302,Zentyal,30,12
303,Bluefin,29,12
304,ClonOS,29,12
305,Lernstick,29,12
306,Linux Schools,29,12
307,Luberri,29,12
308,Tribblix,29,12
309,Adélie,28,12
310,DEKUVE,28,12
311,TeaLinux,28,12
312,UBOS,28,12
313,Alien-OS,27,12
314,DebLight,27,12
315,Parch,27,12
316,RSS,27,12
317,arcOS,26,12
318,Bicom,26,12
319,Macaroni,26,12
320,NexentaStor,26,12
321,PrimTux,26,12
322,RDS,26,12
323,TurnKey,26,12
324,Drauger,25,12
325,OviOS,24,12
326,ElysiaOS,23,12
327,OSGeoLive,23,12
328,Planeta Tecno,23,12
329,AcreetionOS,22,12
330,ATZ Linux,22,12
331,UOS,22,12
332,TTOS,21,12
333,Escuelas,20,12
334,TileOS,20,12
335,Vipnix,20,12
336,Calam,19,12
337,Catbird,18,12
338,LazyLinux,18,12
339,StartOS,18,12
340,OmniOS,17,12
341,Predator-OS,17,12
342,AgarimOS,16,12
343,Archriot,16,12
344,NebiOS,16,12
345,Quarkos,16,12
346,secureblue,16,12
347,umbrelOS,16,12
348,Unraid,16,12
349,VailuxOS,16,12
350,Vendefoul,16,12
351,Aeon,15,12
352,CuerdOS,15,12
353,Skywave,15,12
354,Tsurugi,15,12
355,LangitKetujuh,14,12
356,Ximper,14,12
357,Slimbook OS,13,12
358,Synex,13,12
359,BOSS,12,12
360,UBLinux,12,12
361,Uncom,12,12
362,AnuBitux,11,12
363,Astra,11,12
364,LibraZiK,11,12
365,Xebian,11,12
366,AçorOS,10,12
367,AlterOS,10,12
368,AOSC,10,12
369,EterTICs,10,12
370,Huayra,10,12
371,LinuxCNC,10,12
372,Ventoy,10,12
373,Circle,9,12
374,LxPup,9,12
375,d77void,8,12
376,Fluxuan,8,12
377,Asahi,7,12
378,Blade,7,12
379,FUSS,7,12
380,OmegaLinux,7,12
381,Kwort,6,12
382,Maemo Leste,6,12
383,Qlustar,6,12
384,Quirinux,6,12
385,Serbian,6,12
386,Vitalinux,6,12
387,Gooroom,5,12
388,Flatcar,4,12
389,XCP-ng,4,12
390,Freeduc,3,12
1,CachyOS,4332,6
2,Mint,2637,6
3,MX Linux,1844,6
4,Debian,1682,6
5,EndeavourOS,1371,6
6,Pop!_OS,1259,6
7,Manjaro,1096,6
8,Ubuntu,1059,6
9,AnduinOS,1050,6
10,Fedora,1011,6
11,Zorin,1009,6
12,openSUSE,817,6
13,Nobara,707,6
14,Bluestar,603,6
15,NixOS,583,6
16,elementary,549,6
17,KDE neon,540,6
18,BigLinux,529,6
19,Garuda,472,6
20,antiX,460,6
21,TUXEDO,454,6
22,Q4OS,439,6
23,AlmaLinux,421,6
24,Kali,415,6
25,Arch,399,6
26,PikaOS,395,6
27,SparkyLinux,395,6
28,FreeBSD,388,6
29,Puppy,354,6
30,Bazzite,349,6
31,Alpine,339,6
32,PCLinuxOS,339,6
33,EasyOS,329,6
34,CentOS,326,6
35,MiniOS,318,6
36,Tails,317,6
37,Kubuntu,303,6
38,Voyager,303,6
39,Lite,295,6
40,Solus,289,6
41,Linuxfx,283,6
42,ALT,276,6
43,DragonOS,274,6
44,Exton,272,6
45,Rocky,260,6
46,Devuan,254,6
47,blendOS,251,6
48,Artix,242,6
49,Lubuntu,239,6
50,Slackware,236,6
51,Peppermint,235,6
52,Ultimate,235,6
53,MODICIA,234,6
54,OpenMandriva,233,6
55,FunOS,228,6
56,Parrot,221,6
57,Commodore,220,6
58,MocaccinoOS,220,6
59,AerynOS,218,6
60,deepin,218,6
61,Gnoppix,218,6
62,Xubuntu,218,6
63,Gentoo,215,6
64,Void,214,6
65,AxOS,213,6
66,Red Hat,213,6
67,Kodachi,207,6
68,GhostBSD,197,6
69,SDesk,197,6
70,KaOS,191,6
71,Mageia,189,6
72,Calculate,188,6
73,LastOSLinux,188,6
74,PorteuX,187,6
75,AV Linux,185,6
76,Archcraft,184,6
77,Bodhi,181,6
78,GreenBANG,181,6
79,MagOS,178,6
80,ReactOS,175,6
81,Tiny Core,175,6
82,Cyrethium,174,6
83,Qubes,169,6
84,Vanilla,168,6
85,Omarchy,161,6
86,SmartOS,160,6
87,Ultramarine,159,6
88,4MLinux,153,6
89,MakuluLinux,153,6
90,OpenBSD,153,6
91,Proxmox,153,6
92,Oracle,152,6
93,Chimera,150,6
94,Haiku,150,6
95,Mabox,150,6
96,Rhino,150,6
97,Ubuntu Studio,150,6
98,Feren,149,6
99,wattOS,149,6
100,RebornOS,148,6
101,TrueNAS,148,6
102,FydeOS,146,6
103,Regata,144,6
104,Besgnulinux,143,6
105,KDE Linux,142,6
106,Murena,141,6
107,Expirion,137,6
108,Ubuntu MATE,135,6
109,Dr.Parted,130,6
110,Porteus,130,6
111,GLF,128,6
112,GNOME OS,127,6
113,GXDE,127,6
114,Endless,125,6
115,Neptune,124,6
116,Br OS,121,6
117,RasPiOS,117,6
118,Athena,116,6
119,Nitrux,116,6
120,Emmabuntüs,115,6
121,Lingmo,115,6
122,Gnuinos,113,6
123,Mauna,113,6
124,Security Onion,113,6
125,BunsenLabs,110,6
126,DragonFly,110,6
127,ZimaOS,107,6
128,RefreshOS,105,6
129,HeliumOS,103,6
130,Oreon,103,6
131,Damn Small,102,6
132,iDeal,101,6
133,openKylin,100,6
134,Asmi,96,6
135,AUSTRUMI,96,6
136,DietPi,96,6
137,openmamba,95,6
138,Clonezilla,94,6
139,siduction,94,6
140,Ubuntu Cinnamon,94,6
141,TROMjaro,93,6
142,extrox,92,6
143,Liya,91,6
144,StormOS,89,6
145,Kicksecure,87,6
146,Nyarch,87,6
147,Zephix,87,6
148,Archman,86,6
149,ExTiX,86,6
150,HackerOS,86,6
151,LinuxHub,85,6
152,Soplos,85,6
153,FreedomBox,84,6
154,SliTaz,84,6
155,Grml,83,6
156,OpenIndiana,83,6
157,Slackel,83,6
158,Volumio,83,6
159,Whonix,82,6
160,Wifislax,82,6
161,SUSE,81,6
162,Kiro,80,6
163,SysLinuxOS,80,6
164,SystemRescue,79,6
165,XIVA Studio,79,6
166,Ubuntu Budgie,78,6
167,LFS,77,6
168,ChromeOS,76,6
169,Mobian,76,6
170,Redox,76,6
171,Ufficio Zero,76,6
172,Kamarada,75,6
173,Rescuezilla,75,6
174,MIRACLE,73,6
175,Plamo,73,6
176,postmarketOS,73,6
177,spirit OS,73,6
178,Aurora,72,6
179,IPFire,72,6
180,Vinari,72,6
181,Armbian,71,6
182,Berry,71,6
183,Loc-OS,71,6
184,Trisquel,71,6
185,GParted,70,6
186,Melawy,70,6
187,Slint,70,6
188,SpiralLinux,70,6
189,Debian Edu,69,6
190,Sculpt,68,6
191,GrapheneOS,67,6
192,HydraPWK,67,6
193,Pisi,67,6
194,Exe,66,6
195,RED OS,66,6
196,Shebang,66,6
197,UBports,66,6
198,Shanios,65,6
199,LibreELEC,64,6
200,openEuler,64,6
201,ROSA,64,6
202,Talos,64,6
203,Arkane,63,6
204,PakOS,63,6
205,Xray_OS,63,6
206,Daphile,62,6
207,Obarun,62,6
208,BackBox,61,6
209,KolibriOS,61,6
210,OPNsense,61,6
211,Ubuntu Unity,61,6
212,Batocera,60,6
213,BSDRP,60,6
214,NomadBSD,60,6
215,Ubuntu Kylin,60,6
216,Luberri,59,6
217,T2 Linux,59,6
218,Zenwalk,59,6
219,Bluefin,58,6
220,Tribblix,58,6
221,XigmaNAS,58,6
222,Clear NDR,57,6
223,DEKUVE,57,6
224,Kumander,57,6
225,MidnightBSD,57,6
226,BlueOnyx,56,6
227,Guix System,56,6
228,TeaLinux,56,6
229,Adélie,55,6
230,Edubuntu,55,6
231,NethServer,55,6
232,Pardus,55,6
233,Alien-OS,54,6
234,DebLight,54,6
235,NST,54,6
236,Parch,54,6
237,Redcore,54,6
238,Accessible-Coconut,53,6
239,arcOS,53,6
240,Macaroni,53,6
241,Plop,53,6
242,RELIANOID,53,6
243,Univention,53,6
244,Crunchbangplusplus,51,6
245,CRUX,51,6
246,NetBSD,51,6
247,Drauger,50,6
248,Parabola,50,6
249,Refracta,50,6
250,Elive,49,6
251,Netrunner,49,6
252,Robolinux,49,6
253,WM Live,49,6
254,3CX,47,6
255,ElysiaOS,47,6
256,Bedrock,46,6
257,DynFi,46,6
258,HardenedBSD,46,6
259,PelicanHPC,46,6
260,Planeta Tecno,46,6
261,Snal,46,6
262,Solaris,46,6
263,AcreetionOS,45,6
264,CAINE,45,6
265,iodéOS,45,6
266,OpenMediaVault,45,6
267,ATZ Linux,44,6
268,UOS,44,6
269,NethSecurity,43,6
270,NuTyX,43,6
271,Peropesis,43,6
272,PLD,43,6
273,Vine,43,6
274,FuguIta,42,6
275,GoboLinux,42,6
276,Lakka,42,6
277,LinuxConsole,42,6
278,Live Raizo,42,6
279,paldo,42,6
280,Parted Magic,42,6
281,TTOS,42,6
282,Ubuntu Pack,42,6
283,Venom,42,6
284,Escuelas,41,6
285,Runtu,41,6
286,SME Server,41,6
287,SolydXK,41,6
288,TileOS,41,6
289,XeroLinux,41,6
290,ClonOS,40,6
291,KANOTIX,40,6
292,OSMC,40,6
293,pfSense,40,6
294,Vipnix,40,6
295,Pearl,39,6
296,Calam,38,6
297,Hyperbola,38,6
298,Porteus Kiosk,38,6
299,Zenned,38,6
300,Catbird,37,6
301,Exherbo,37,6
302,Fatdog64,37,6
303,LazyLinux,37,6
304,StartOS,37,6
305,Canaima,36,6
306,Ditana,36,6
307,Finnix,36,6
308,RebeccaBlackOS,36,6
309,Rockstor,36,6
310,CROWZ,35,6
311,HamoniKR,35,6
312,OmniOS,35,6
313,Pentoo,35,6
314,Predator-OS,35,6
315,Secure-K,35,6
316,RISC,34,6
317,Quarkos,33,6
318,Super Grub2,33,6
319,AgarimOS,32,6
320,Archriot,32,6
321,Dynebolic,32,6
322,LliureX,32,6
323,NebiOS,32,6
324,secureblue,32,6
325,VailuxOS,32,6
326,Vendefoul,32,6
327,VyOS,32,6
328,MAX,31,6
329,rlxos,31,6
330,Tsurugi,31,6
331,umbrelOS,31,6
332,Unraid,31,6
333,Aeon,30,6
334,CuerdOS,30,6
335,mAid,30,6
336,Recalbox,30,6
337,Skywave,30,6
338,Zentyal,30,6
339,DAT,29,6
340,Thinstation,29,6
341,Ximper,29,6
342,YunoHost,29,6
343,LangitKetujuh,28,6
344,Lernstick,28,6
345,Linux Schools,28,6
346,UBOS,28,6
347,Bicom,27,6
348,Slimbook OS,27,6
349,PrimTux,26,6
350,Smoothwall,26,6
351,Synex,26,6
352,TurnKey,26,6
353,NexentaStor,25,6
354,UBLinux,25,6
355,Uncom,25,6
356,OviOS,24,6
357,AnuBitux,23,6
358,LibraZiK,23,6
359,OSGeoLive,23,6
360,Astra,22,6
361,RSS,22,6
362,Skudonet,22,6
363,Xebian,22,6
364,AlterOS,21,6
365,AOSC,21,6
366,Huayra,21,6
367,LinuxCNC,21,6
368,AçorOS,20,6
369,EterTICs,20,6
370,RDS,20,6
371,Ventoy,20,6
372,BOSS,19,6
373,Circle,18,6
374,LxPup,18,6
375,d77void,17,6
376,Fluxuan,17,6
377,Asahi,14,6
378,FUSS,14,6
379,OmegaLinux,14,6
380,Blade,13,6
381,Maemo Leste,13,6
382,Qlustar,13,6
383,Serbian,13,6
384,Quirinux,12,6
385,Vitalinux,12,6
386,Gooroom,10,6
387,Kwort,10,6
388,Flatcar,9,6
389,XCP-ng,8,6
390,Freeduc,5,6
1,CachyOS,4592,3
2,Mint,2765,3
3,MX Linux,2079,3
4,Debian,1833,3
5,Pop!_OS,1292,3
6,EndeavourOS,1257,3
7,Zorin,1201,3
8,AnduinOS,1172,3
9,Ubuntu,1114,3
10,Fedora,1088,3
11,Manjaro,1078,3
12,openSUSE,887,3
13,Nobara,620,3
14,Bluestar,593,3
15,Q4OS,572,3
16,Arch,561,3
17,elementary,558,3
18,NixOS,542,3
19,KDE neon,534,3
20,BigLinux,507,3
21,MiniOS,506,3
22,Garuda,498,3
23,antiX,467,3
24,Bazzite,466,3
25,SparkyLinux,450,3
26,PikaOS,444,3
27,TUXEDO,432,3
28,Kali,412,3
29,Voyager,404,3
30,Puppy,403,3
31,FreeBSD,393,3
32,AerynOS,370,3
33,PCLinuxOS,367,3
34,Tails,365,3
35,EasyOS,359,3
36,AlmaLinux,351,3
37,Linuxfx,335,3
38,CentOS,328,3
39,Omarchy,325,3
40,Kubuntu,324,3
41,Gnoppix,315,3
42,Exton,314,3
43,Alpine,299,3
44,FunOS,297,3
45,Artix,293,3
46,ALT,287,3
47,KDE Linux,287,3
48,Lite,287,3
49,Peppermint,281,3
50,Void,273,3
51,Devuan,270,3
52,Solus,268,3
53,Commodore,257,3
54,Lubuntu,256,3
55,MocaccinoOS,256,3
56,blendOS,247,3
57,GhostBSD,244,3
58,FydeOS,243,3
59,Besgnulinux,240,3
60,Kodachi,239,3
61,Slackware,235,3
62,MODICIA,234,3
63,Xubuntu,232,3
64,DragonOS,229,3
65,MagOS,220,3
66,ZimaOS,215,3
67,Qubes,213,3
68,Gentoo,212,3
69,OpenMandriva,212,3
70,LastOSLinux,211,3
71,GreenBANG,208,3
72,GNOME OS,204,3
73,Tiny Core,202,3
74,Ultramarine,201,3
75,Ultimate,200,3
76,Mageia,197,3
77,AV Linux,194,3
78,SmartOS,194,3
79,Asmi,193,3
80,Calculate,187,3
81,extrox,186,3
82,Rocky,186,3
83,AxOS,184,3
84,KaOS,183,3
85,MakuluLinux,183,3
86,Bodhi,181,3
87,Red Hat,181,3
88,OpenBSD,180,3
89,Parrot,180,3
90,ReactOS,178,3
91,Archcraft,176,3
92,HackerOS,172,3
93,Ubuntu Studio,171,3
94,Proxmox,170,3
95,TrueNAS,164,3
96,Kiro,162,3
97,Haiku,160,3
98,SDesk,160,3
99,wattOS,157,3
100,Vanilla,155,3
101,ChromeOS,153,3
102,LinuxHub,153,3
103,Mobian,153,3
104,deepin,152,3
105,Neptune,152,3
106,Regata,151,3
107,Feren,149,3
108,PorteuX,148,3
109,Vinari,146,3
110,FreedomBox,143,3
111,Zephix,142,3
112,Chimera,140,3
113,Security Onion,140,3
114,Ubuntu MATE,140,3
115,Mabox,138,3
116,GLF,135,3
117,HydraPWK,135,3
118,Murena,134,3
119,Porteus,134,3
120,Br OS,132,3
121,Shanios,132,3
122,Talos,130,3
123,XIVA Studio,130,3
124,4MLinux,129,3
125,Xray_OS,128,3
126,Dr.Parted,127,3
127,SysLinuxOS,127,3
128,Oreon,126,3
129,Kicksecure,125,3
130,Lingmo,124,3
131,RebornOS,124,3
132,DietPi,123,3
133,OpenIndiana,123,3
134,Ubuntu Cinnamon,121,3
135,Gnuinos,119,3
136,GXDE,119,3
137,Expirion,116,3
138,RasPiOS,116,3
139,Mauna,114,3
140,Cyrethium,113,3
141,SliTaz,112,3
142,Athena,111,3
143,Oracle,110,3
144,Sculpt,110,3
145,DebLight,109,3
146,LFS,109,3
147,Rhino,103,3
148,Luberri,101,3
149,Nitrux,101,3
150,StormOS,101,3
151,spirit OS,98,3
152,ElysiaOS,94,3
153,BSDRP,93,3
154,Endless,93,3
155,PakOS,93,3
156,Planeta Tecno,92,3
157,TeaLinux,92,3
158,AcreetionOS,91,3
159,LibreELEC,91,3
160,Wifislax,91,3
161,Shebang,90,3
162,Ubuntu Budgie,90,3
163,Clear NDR,89,3
164,Redox,89,3
165,Emmabuntüs,88,3
166,Trisquel,88,3
167,Aurora,85,3
168,openKylin,85,3
169,BunsenLabs,84,3
170,XigmaNAS,84,3
171,Macaroni,83,3
172,Archman,82,3
173,Grml,82,3
174,SystemRescue,82,3
175,T2 Linux,82,3
176,Whonix,82,3
177,openmamba,80,3
178,Univention,79,3
179,Clonezilla,78,3
180,Calam,76,3
181,Debian Edu,76,3
182,StartOS,76,3
183,Catbird,75,3
184,Damn Small,75,3
185,DragonFly,75,3
186,Parch,75,3
187,TROMjaro,75,3
188,LazyLinux,74,3
189,Loc-OS,74,3
190,Robolinux,74,3
191,ATZ Linux,73,3
192,siduction,72,3
193,MidnightBSD,71,3
194,Slint,71,3
195,GrapheneOS,70,3
196,Predator-OS,70,3
197,Ubuntu Kylin,70,3
198,Bluefin,69,3
199,Nyarch,69,3
200,SUSE,69,3
201,Edubuntu,68,3
202,Quarkos,68,3
203,Ubuntu Unity,68,3
204,IPFire,67,3
205,Alien-OS,66,3
206,KolibriOS,66,3
207,Pisi,66,3
208,Refracta,66,3
209,ROSA,66,3
210,Vendefoul,66,3
211,AgarimOS,65,3
212,secureblue,65,3
213,UBports,65,3
214,Vipnix,65,3
215,Archriot,64,3
216,NebiOS,64,3
217,umbrelOS,64,3
218,Unraid,64,3
219,VailuxOS,64,3
220,Armbian,63,3
221,DynFi,63,3
222,HeliumOS,63,3
223,NomadBSD,63,3
224,PelicanHPC,63,3
225,Peropesis,63,3
226,WM Live,63,3
227,Batocera,62,3
228,Live Raizo,62,3
229,postmarketOS,62,3
230,Aeon,61,3
231,BackBox,61,3
232,Skywave,61,3
233,SpiralLinux,61,3
234,iDeal,60,3
235,Adélie,58,3
236,Crunchbangplusplus,58,3
237,Guix System,58,3
238,HardenedBSD,58,3
239,Redcore,58,3
240,ExTiX,57,3
241,GParted,57,3
242,Ufficio Zero,57,3
243,Tribblix,56,3
244,XeroLinux,56,3
245,NetBSD,55,3
246,OSMC,55,3
247,Slimbook OS,55,3
248,Kamarada,54,3
249,Synex,54,3
250,AUSTRUMI,52,3
251,Drauger,52,3
252,Liya,52,3
253,Pardus,52,3
254,Uncom,52,3
255,iodéOS,51,3
256,NuTyX,51,3
257,Elive,50,3
258,Rescuezilla,50,3
259,3CX,49,3
260,Bedrock,49,3
261,Exe,49,3
262,Netrunner,49,3
263,Parabola,49,3
264,Arkane,48,3
265,OpenMediaVault,48,3
266,RefreshOS,48,3
267,CRUX,47,3
268,NethSecurity,47,3
269,Parted Magic,47,3
270,Slackel,47,3
271,Solaris,47,3
272,Soplos,47,3
273,arcOS,46,3
274,Astra,46,3
275,CAINE,46,3
276,openEuler,46,3
277,RED OS,46,3
278,UOS,46,3
279,TileOS,45,3
280,Vine,45,3
281,Xebian,45,3
282,Daphile,44,3
283,Lakka,44,3
284,Plop,44,3
285,SolydXK,44,3
286,LinuxCNC,43,3
287,LinuxConsole,43,3
288,Melawy,43,3
289,MIRACLE,43,3
290,OmniOS,43,3
291,Tsurugi,43,3
292,Ubuntu Pack,43,3
293,Zenwalk,43,3
294,AlterOS,42,3
295,AOSC,42,3
296,Venom,42,3
297,AçorOS,41,3
298,DEKUVE,41,3
299,KANOTIX,41,3
300,Obarun,41,3
301,OPNsense,41,3
302,Pearl,41,3
303,Runtu,41,3
304,Ventoy,41,3
305,Ximper,41,3
306,ClonOS,40,3
307,Porteus Kiosk,40,3
308,Berry,39,3
309,CuerdOS,39,3
310,Hyperbola,39,3
311,pfSense,39,3
312,Exherbo,38,3
313,Fatdog64,38,3
314,GoboLinux,38,3
315,Kumander,38,3
316,Zenned,38,3
317,Accessible-Coconut,37,3
318,AnuBitux,37,3
319,Canaima,37,3
320,Finnix,37,3
321,FuguIta,37,3
322,LangitKetujuh,37,3
323,LxPup,37,3
324,Pentoo,37,3
325,Rockstor,37,3
326,Circle,36,3
327,Plamo,36,3
328,RebeccaBlackOS,36,3
329,Secure-K,36,3
330,CROWZ,35,3
331,d77void,35,3
332,Fluxuan,35,3
333,RISC,35,3
334,TTOS,35,3
335,UBLinux,35,3
336,NethServer,34,3
337,NST,34,3
338,Super Grub2,34,3
339,HamoniKR,33,3
340,rlxos,33,3
341,VyOS,33,3
342,BOSS,32,3
343,Ditana,32,3
344,Dynebolic,32,3
345,LliureX,32,3
346,MAX,32,3
347,PLD,32,3
348,Volumio,32,3
349,Zentyal,32,3
350,Recalbox,31,3
351,Snal,31,3
352,mAid,30,3
353,Thinstation,30,3
354,BlueOnyx,29,3
355,DAT,29,3
356,Escuelas,29,3
357,LibraZiK,29,3
358,YunoHost,29,3
359,Asahi,28,3
360,Blade,28,3
361,FUSS,28,3
362,Huayra,28,3
363,Lernstick,28,3
364,Linux Schools,28,3
365,OmegaLinux,28,3
366,SME Server,28,3
367,TurnKey,28,3
368,PrimTux,27,3
369,RELIANOID,27,3
370,Smoothwall,27,3
371,UBOS,27,3
372,Bicom,26,3
373,Maemo Leste,26,3
374,NexentaStor,26,3
375,Qlustar,26,3
376,Serbian,26,3
377,EterTICs,25,3
378,Vitalinux,25,3
379,OSGeoLive,24,3
380,OviOS,24,3
381,paldo,24,3
382,Quirinux,24,3
383,RSS,23,3
384,Skudonet,23,3
385,Gooroom,21,3
386,RDS,21,3
387,Flatcar,19,3
388,XCP-ng,18,3
389,Kwort,17,3
390,Freeduc,10,3
1,CachyOS,4876,1
2,Mint,2945,1
3,MX Linux,2379,1
4,Zorin,1705,1
5,Debian,1616,1
6,AnduinOS,1537,1
7,Pop!_OS,1386,1
8,EndeavourOS,1374,1
9,Fedora,1314,1
10,Ubuntu,1232,1
11,Manjaro,1133,1
12,openSUSE,901,1
13,Arch,747,1
14,Nobara,700,1
15,Bazzite,673,1
16,KDE neon,621,1
17,Bluestar,619,1
18,elementary,597,1
19,Q4OS,576,1
20,NixOS,565,1
21,PikaOS,550,1
22,antiX,500,1
23,Garuda,492,1
24,Omarchy,492,1
25,FreeBSD,476,1
26,Peppermint,470,1
27,Mobian,465,1
28,BigLinux,460,1
29,AlmaLinux,456,1
30,Exton,442,1
31,AerynOS,441,1
32,FunOS,433,1
33,ChromeOS,428,1
34,TUXEDO,420,1
35,Kubuntu,386,1
36,Kali,383,1
37,Puppy,382,1
38,MiniOS,370,1
39,Vinari,369,1
40,Ultramarine,362,1
41,PCLinuxOS,346,1
42,Alpine,343,1
43,CentOS,340,1
44,Artix,339,1
45,Linuxfx,338,1
46,HydraPWK,337,1
47,Voyager,329,1
48,Tails,327,1
49,Gnoppix,326,1
50,Kodachi,324,1
51,SparkyLinux,321,1
52,Asmi,320,1
53,Lubuntu,305,1
54,Void,292,1
55,Commodore,289,1
56,Xubuntu,288,1
57,Solus,282,1
58,Planeta Tecno,281,1
59,LastOSLinux,279,1
60,Devuan,273,1
61,Lingmo,272,1
62,OpenBSD,270,1
63,blendOS,266,1
64,OpenIndiana,263,1
65,Lite,255,1
66,MagOS,250,1
67,KDE Linux,249,1
68,Shanios,245,1
69,Sculpt,244,1
70,Archcraft,242,1
71,HackerOS,240,1
72,GreenBANG,239,1
73,Slackware,238,1
74,Besgnulinux,236,1
75,Ultimate,235,1
76,MocaccinoOS,231,1
77,FydeOS,228,1
78,LazyLinux,227,1
79,SmartOS,225,1
80,AV Linux,222,1
81,DragonOS,219,1
82,ALT,218,1
83,Cyrethium,218,1
84,EasyOS,217,1
85,Ubuntu Studio,217,1
86,Athena,206,1
87,Quarkos,206,1
88,Qubes,206,1
89,OpenMandriva,202,1
90,TrueNAS,200,1
91,Gentoo,199,1
92,AgarimOS,198,1
93,SDesk,198,1
94,Talos,198,1
95,Mageia,197,1
96,VailuxOS,197,1
97,NebiOS,196,1
98,Rocky,195,1
99,umbrelOS,194,1
100,Oreon,193,1
101,TeaLinux,192,1
102,Ubuntu Cinnamon,192,1
103,Bodhi,191,1
104,MakuluLinux,191,1
105,Kicksecure,190,1
106,spirit OS,188,1
107,Xray_OS,187,1
108,Tiny Core,186,1
109,Aeon,185,1
110,ReactOS,185,1
111,Red Hat,183,1
112,LinuxHub,181,1
113,Parrot,179,1
114,wattOS,174,1
115,GhostBSD,167,1
116,Gnuinos,167,1
117,Slimbook OS,167,1
118,Synex,164,1
119,Regata,163,1
120,Unraid,161,1
121,T2 Linux,160,1
122,Calculate,158,1
123,Uncom,157,1
124,AxOS,155,1
125,TROMjaro,155,1
126,Vanilla,154,1
127,deepin,150,1
128,Ubuntu MATE,150,1
129,Haiku,147,1
130,Feren,146,1
131,DietPi,144,1
132,MODICIA,144,1
133,RasPiOS,139,1
134,Clonezilla,137,1
135,Calam,136,1
136,Chimera,136,1
137,Expirion,136,1
138,Porteus,136,1
139,Br OS,133,1
140,LinuxCNC,132,1
141,Archman,131,1
142,KaOS,129,1
143,ZimaOS,125,1
144,GNOME OS,124,1
145,MidnightBSD,124,1
146,RebornOS,124,1
147,Security Onion,120,1
148,Kiro,119,1
149,XIVA Studio,118,1
150,Proxmox,115,1
151,extrox,114,1
152,Oracle,113,1
153,Ubuntu Budgie,112,1
154,SliTaz,111,1
155,d77void,108,1
156,Murena,108,1
157,Fluxuan,106,1
158,4MLinux,103,1
159,Mabox,100,1
160,FreedomBox,96,1
161,Kamarada,96,1
162,Rhino,96,1
163,openmamba,95,1
164,Redox,95,1
165,Aurora,94,1
166,Edubuntu,94,1
167,PorteuX,90,1
168,Loc-OS,89,1
169,Wifislax,89,1
170,OmegaLinux,87,1
171,NethSecurity,86,1
172,BunsenLabs,84,1
173,Dr.Parted,83,1
174,NuTyX,81,1
175,Neptune,80,1
176,Ubuntu Kylin,80,1
177,Maemo Leste,79,1
178,Vitalinux,77,1
179,Live Raizo,74,1
180,Quirinux,74,1
181,Bluefin,73,1
182,GLF,73,1
183,Nitrux,73,1
184,Damn Small,72,1
185,DragonFly,72,1
186,SUSE,71,1
187,Asahi,69,1
188,Endless,69,1
189,UBports,69,1
190,IPFire,67,1
191,Astra,66,1
192,Gooroom,66,1
193,SysLinuxOS,66,1
194,Vendefoul,66,1
195,Alien-OS,65,1
196,Emmabuntüs,65,1
197,GrapheneOS,65,1
198,ROSA,65,1
199,siduction,65,1
200,AçorOS,64,1
201,Batocera,64,1
202,secureblue,64,1
203,Trisquel,64,1
204,Archriot,63,1
205,KolibriOS,63,1
206,AcreetionOS,62,1
207,NomadBSD,62,1
208,openKylin,62,1
209,Adélie,61,1
210,postmarketOS,61,1
211,Predator-OS,61,1
212,Nyarch,60,1
213,AlterOS,59,1
214,GParted,59,1
215,Guix System,59,1
216,BackBox,58,1
217,Redcore,58,1
218,Whonix,58,1
219,Flatcar,57,1
220,SpiralLinux,57,1
221,Elive,56,1
222,SystemRescue,55,1
223,XeroLinux,55,1
224,Bedrock,54,1
225,Ubuntu Unity,54,1
226,XCP-ng,54,1
227,Drauger,53,1
228,LFS,53,1
229,NetBSD,53,1
230,HardenedBSD,52,1
231,Ufficio Zero,52,1
232,ElysiaOS,51,1
233,Pardus,51,1
234,Solaris,51,1
235,3CX,50,1
236,Crunchbangplusplus,50,1
237,PakOS,50,1
238,Parted Magic,50,1
239,StormOS,50,1
240,AOSC,49,1
241,DebLight,49,1
242,OpenMediaVault,49,1
243,Parabola,49,1
244,BSDRP,48,1
245,CAINE,48,1
246,GXDE,48,1
247,TileOS,48,1
248,Exe,47,1
249,HeliumOS,47,1
250,Mauna,47,1
251,Arkane,46,1
252,CRUX,46,1
253,Netrunner,46,1
254,OmniOS,46,1
255,Tsurugi,46,1
256,Vine,46,1
257,XigmaNAS,46,1
258,Daphile,45,1
259,Debian Edu,45,1
260,LxPup,45,1
261,RED OS,45,1
262,Rescuezilla,45,1
263,Robolinux,45,1
264,UOS,45,1
265,Lakka,44,1
266,SolydXK,44,1
267,Ubuntu Pack,44,1
268,Xebian,44,1
269,arcOS,43,1
270,iodéOS,43,1
271,Liya,43,1
272,openEuler,43,1
273,Pisi,43,1
274,Soplos,43,1
275,Tribblix,43,1
276,Venom,43,1
277,Ventoy,43,1
278,LibreELEC,42,1
279,LinuxConsole,42,1
280,MIRACLE,42,1
281,OPNsense,42,1
282,Runtu,42,1
283,Armbian,41,1
284,AUSTRUMI,41,1
285,ExTiX,41,1
286,Melawy,41,1
287,Obarun,41,1
288,Pearl,41,1
289,Porteus Kiosk,41,1
290,Shebang,41,1
291,Slackel,41,1
292,StartOS,41,1
293,ClonOS,40,1
294,KANOTIX,40,1
295,pfSense,40,1
296,RebeccaBlackOS,40,1
297,DEKUVE,39,1
298,Exherbo,39,1
299,FuguIta,39,1
300,Hyperbola,39,1
301,iDeal,39,1
302,LangitKetujuh,39,1
303,RefreshOS,39,1
304,Ximper,39,1
305,Zenned,39,1
306,Zenwalk,39,1
307,Macaroni,38,1
308,Pentoo,38,1
309,Rockstor,38,1
310,WM Live,38,1
311,Berry,37,1
312,Blade,37,1
313,BOSS,37,1
314,Fatdog64,37,1
315,CROWZ,36,1
316,CuerdOS,36,1
317,Kumander,36,1
318,RISC,36,1
319,Secure-K,36,1
320,Zephix,36,1
321,Accessible-Coconut,35,1
322,Canaima,35,1
323,Luberri,35,1
324,PLD,35,1
325,Super Grub2,35,1
326,AnuBitux,34,1
327,Clear NDR,34,1
328,Dynebolic,34,1
329,DynFi,34,1
330,Finnix,34,1
331,GoboLinux,34,1
332,NST,34,1
333,Parch,34,1
334,Plamo,34,1
335,Plop,34,1
336,ATZ Linux,33,1
337,Catbird,33,1
338,Circle,33,1
339,HamoniKR,33,1
340,LliureX,33,1
341,Recalbox,33,1
342,rlxos,33,1
343,UBLinux,33,1
344,VyOS,33,1
345,Zentyal,33,1
346,Grml,32,1
347,OSMC,32,1
348,PelicanHPC,32,1
349,Skywave,32,1
350,Snal,32,1
351,Volumio,32,1
352,Ditana,31,1
353,FUSS,31,1
354,mAid,31,1
355,NethServer,31,1
356,Refracta,31,1
357,Serbian,30,1
358,Thinstation,30,1
359,DAT,29,1
360,Escuelas,29,1
361,Freeduc,29,1
362,MAX,29,1
363,Smoothwall,29,1
364,TTOS,29,1
365,BlueOnyx,28,1
366,Lernstick,28,1
367,LibraZiK,28,1
368,Linux Schools,28,1
369,NexentaStor,28,1
370,Qlustar,28,1
371,Slint,28,1
372,Huayra,27,1
373,Kwort,27,1
374,PrimTux,27,1
375,UBOS,27,1
376,Univention,27,1
377,YunoHost,27,1
378,RELIANOID,26,1
379,Vipnix,26,1
380,Peropesis,25,1
381,TurnKey,25,1
382,Bicom,24,1
383,EterTICs,24,1
384,OSGeoLive,24,1
385,OviOS,24,1
386,paldo,24,1
387,SME Server,24,1
388,Skudonet,22,1
389,RSS,21,1
390,RDS,20,1
